name,group,duration,earliestStart,latestEnd
Sleep,Sleep,PT8H,MONDAY 23:00,TUESDAY 07:00
Sleep,Sleep,PT8H,TUESDAY 23:00,WEDNESDAY 07:00
Sleep,Sleep,PT8H,WEDNESDAY 23:00,THURSDAY 07:00
Sleep,Sleep,PT8H,THURSDAY 23:00,FRIDAY 07:00
Sleep,Sleep,PT8H,FRIDAY 23:00,SATURDAY 07:00
Sleep,Sleep,PT8H,SATURDAY 23:00,SUNDAY 07:00
Sleep,Sleep,PT8H,SUNDAY 23:00,MONDAY 07:00
Breakfast,Meal,PT30M,MONDAY 07:00,MONDAY 07:30
Breakfast,Meal,PT30M,TUESDAY 07:00,TUESDAY 07:30
Breakfast,Meal,PT30M,WEDNESDAY 07:00,WEDNESDAY 07:30
Breakfast,Meal,PT30M,THURSDAY 07:00,THURSDAY 07:30
Breakfast,Meal,PT30M,FRIDAY 07:00,FRIDAY 07:30
Brunch,Meal,PT45M,SATURDAY 09:00,SATURDAY 09:45
Brunch,Meal,PT45M,SUNDAY 09:00,SUNDAY 09:45
Lunch,Meal,PT45M,MONDAY 12:00,MONDAY 12:45
Lunch,Meal,PT45M,TUESDAY 12:00,TUESDAY 12:45
Lunch,Meal,PT45M,WEDNESDAY 12:00,WEDNESDAY 12:45
Lunch,Meal,PT45M,THURSDAY 12:00,THURSDAY 12:45
Lunch,Meal,PT45M,FRIDAY 12:00,FRIDAY 12:45
Dinner,Meal,PT45M,MONDAY 18:00,MONDAY 18:45
Dinner,Meal,PT45M,TUESDAY 18:00,TUESDAY 18:45
Dinner,Meal,PT45M,WEDNESDAY 18:00,WEDNESDAY 18:45
Dinner,Meal,PT45M,THURSDAY 18:00,THURSDAY 18:45
Dinner,Meal,PT45M,FRIDAY 18:00,FRIDAY 18:45
Dinner,Meal,PT45M,SATURDAY 18:00,SATURDAY 18:45
Dinner,Meal,PT45M,SUNDAY 18:00,SUNDAY 18:45
Deep Work (Mon),Work,PT2H,MONDAY 08:00,MONDAY 12:00
Upper Body Strength (Mon),Fitness,PT1H30M,MONDAY 08:00,MONDAY 22:00
Movie (Mon),Leisure,PT2H,MONDAY 18:00,MONDAY 22:00
Major Project Sprint (Part 1),Work,PT2H,MONDAY 08:00,WEDNESDAY 22:00
Major Project Sprint (Part 2),Work,PT1H,THURSDAY 08:00,FRIDAY 22:00
Team Sync (Tue),Work,PT2H,TUESDAY 08:00,TUESDAY 12:00
Lower Body Strength (Tue),Fitness,PT1H30M,TUESDAY 08:00,TUESDAY 22:00
Gaming (Tue),Leisure,PT2H,TUESDAY 18:00,TUESDAY 22:00
Financial Budgeting (Review),Work,PT1H,MONDAY 08:00,FRIDAY 22:00
Financial Budgeting (Planning),Work,PT1H,MONDAY 08:00,FRIDAY 22:00
Strategic Planning (Wed),Work,PT2H,WEDNESDAY 08:00,WEDNESDAY 12:00
Core & Mobility (Wed),Fitness,PT1H30M,WEDNESDAY 08:00,WEDNESDAY 22:00
Social Time (Wed),Leisure,PT2H,WEDNESDAY 19:00,WEDNESDAY 22:00
Client Correspondence (Thu),Work,PT2H,THURSDAY 08:00,THURSDAY 12:00
Outdoor Jog (Thu),Sport,PT1H,THURSDAY 08:00,THURSDAY 22:00
Correspondence & Admin,Work,PT2H,MONDAY 08:00,FRIDAY 22:00
Walk (Thu),Leisure,PT1H,THURSDAY 08:00,THURSDAY 22:00
Learning & Development (Fri),Work,PT2H,FRIDAY 08:00,FRIDAY 12:00
Daily Stretch (Fri),Fitness,PT30M,FRIDAY 08:00,FRIDAY 22:00
Movie (Fri),Leisure,PT2H,FRIDAY 18:00,FRIDAY 22:00
Creative Side Project,Work,PT3H,MONDAY 08:00,FRIDAY 22:00
Meditation,Wellness,PT15M,MONDAY 08:00,FRIDAY 22:00
Hiking (Weekend),Sport,PT2H,SATURDAY 08:00,SUNDAY 22:00
Gardening & DIY (Sat),Chores,PT2H,SATURDAY 08:00,SATURDAY 22:00
Board Games & Social (Sat),Social,PT2H,SATURDAY 19:00,SATURDAY 22:00
Yoga & Pilates (Sun),Fitness,PT1H,SUNDAY 08:00,SUNDAY 22:00
Meal Prep (Sun),Chores,PT2H,SUNDAY 08:00,SUNDAY 22:00
Reading & Reflection (Sun),Leisure,PT1H30M,SUNDAY 19:00,SUNDAY 22:00